{
    "loss": 0.11073365807533264,
    "accuracy": 0.9566666483879089
}