{
    "loss": 0.3682936728000641,
    "accuracy": 0.9233333468437195
}