{
    "loss": 0.08203382045030594,
    "accuracy": 0.9800000190734863
}